OpInt [X] 117;Perf [Y] 117
0.546434;0.217908
0.935731;0.535443
1.851021;0.694689
0.525513;0.694434
0.415579;0.734463
0.681934;0.741507
0.868818;0.766198
0.888593;0.762905
0.929957;0.775037
0.809409;0.769574
0.720064;0.770119
0.610394;0.784411
0.521336;0.781894
0.474837;0.783416
0.445819;0.777089
0.416626;0.773880
0.394711;0.772642
0.382295;0.787854
0.368616;0.788385
0.355696;0.789276
