OpInt [X] 000;Perf [Y] 000
1.037912;0.480680
1.049004;0.473580
0.747740;0.450422
1.132199;0.477493
0.982887;0.465135
0.709985;0.431332
0.534521;0.399411
0.399285;0.359654
0.375903;0.353685
0.329422;0.336415
0.299838;0.326696
0.274958;0.317628
0.270631;0.316785
0.263223;0.316170
